filename,year,sheet,n_rows,n_cols,has_location_col,has_year_col,columns_preview
Advanced Black W and St T Summary 2015.xlsx,2015,Sheet1,52,34,False,False, |  |  |  |  | Advanced Black Trial |  | 
Advanced Black W and St T Summary 2015.xlsx,2015,Sheet2,0,1,False,False,
Advanced Black W and St T Summary 2015.xlsx,2015,Sheet3,0,1,False,False,
Advanced Cran E and St T Summary 2015.xlsx,2015,Sheet1,37,31,False,False, |  |  |  |  | Advanced Cranberry Trial |  | 
Advanced Cran E and St T Summary 2015.xlsx,2015,Sheet2,0,1,False,False,
Advanced Cran E and St T Summary 2015.xlsx,2015,Sheet3,0,1,False,False,
Advanced Kidney Summary E and StT 2015.xlsx,2015,Sheet1,50,34,False,False, |  |  |  |  | Advanced Kidney Trial |  | 
Advanced Kidney Summary E and StT 2015.xlsx,2015,Sheet2,0,1,False,False,
Advanced Kidney Summary E and StT 2015.xlsx,2015,Sheet3,0,1,False,False,
Advanced NDSD Pinto Summary 2015.xlsx,2015,Sheet1,30,20,False,False, |  | Advanced NDSD Pinto Trial |  |  |  |  | 
Advanced NDSD Pinto Summary 2015.xlsx,2015,Sheet2,0,1,False,False,
Advanced NDSD Pinto Summary 2015.xlsx,2015,Sheet3,0,1,False,False,
Advanced Navy Early Summary E and St T 2015.xlsx,2015,Sheet1,42,34,False,False, |  |  |  |  | Advanced Navy Early Trial |  | 
Advanced Navy Early Summary E and St T 2015.xlsx,2015,Sheet2,0,1,False,False,
Advanced Navy Early Summary E and St T 2015.xlsx,2015,Sheet3,0,1,False,False,
Advanced Navy Full E and StT Summary 2015.xlsx,2015,Sheet1,41,33,False,False, |  |  |  |  | Advanced Navy Full Trial |  | 
Advanced Navy Full E and StT Summary 2015.xlsx,2015,Sheet2,0,1,False,False,
Advanced Navy Full E and StT Summary 2015.xlsx,2015,Sheet3,0,1,False,False,
Advanced Navy Medium E and StT Summary 2015.xlsx,2015,Sheet1,41,33,False,False, |  |  |  |  | Advanced Navy Medium Trial |  | 
Advanced Navy Medium E and StT Summary 2015.xlsx,2015,Sheet2,0,1,False,False,
Advanced Navy Medium E and StT Summary 2015.xlsx,2015,Sheet3,0,1,False,False,
Advanced Pinto Summary E and St T 2015.xlsx,2015,Sheet1,44,31,False,False, |  |  |  |  | Advanced Pinto Trial |  | 
Advanced Pinto Summary E and St T 2015.xlsx,2015,Sheet2,0,1,False,False,
Advanced Pinto Summary E and St T 2015.xlsx,2015,Sheet3,0,1,False,False,
CBAT sum 4 or 5 locns 2015.xlsx,2015,Sheet1,46,11,False,False, |  |  |  |  |  |  | 
CBAT sum 4 or 5 locns 2015.xlsx,2015,Sheet2,0,1,False,False,
CBAT sum 4 or 5 locns 2015.xlsx,2015,Sheet3,0,1,False,False,
Elora Lg Sd Coloured Regn Perf 2015.xlsx,2015,Sheet1,31,16,False,False, | Ontario Large Seeded Coloured Bean Registration and Performance Trial |  |  |  |  |  | 
Elora Lg Sd Coloured Regn Perf 2015.xlsx,2015,Sheet2,0,1,False,False,
Elora Lg Sd Coloured Regn Perf 2015.xlsx,2015,Sheet3,0,1,False,False,
Elora Navy RP.xlsx,,Sheet1,46,18,False,False, |  | Ontario Navy Bean Registration and Performance Trial |  |  |  |  | 
Elora Navy RP.xlsx,,Sheet2,0,1,False,False,
Elora Navy RP.xlsx,,Sheet3,0,1,False,False,
Organic summary 2015.xlsx,2015,Sheet1,27,17,False,False, |  | Organic  Trial |  |  |  |  | 
Organic summary 2015.xlsx,2015,Sheet2,0,1,False,False,
Organic summary 2015.xlsx,2015,Sheet3,0,1,False,False,
PYT Summary 2015 for Don.xlsx,2015,Sheet1,39,13,False,False, |  | Advanced Pinto Trial |  |  |  |  | 
PYT Summary 2015 for Don.xlsx,2015,Sheet2,0,1,False,False,
PYT Summary 2015 for Don.xlsx,2015,Sheet3,0,1,False,False,
Preliminary Black 2015.xlsx,2015,Sheet1,86,23,False,False, | Preliminary Black Yield Trial |  |  |  |  |  | 
Preliminary Black 2015.xlsx,2015,Sheet2,0,1,False,False,
Preliminary Black 2015.xlsx,2015,Sheet3,0,1,False,False,
Preliminary Cran 2015.xlsx,2015,Sheet1,86,22,False,False, | Preliminary Cranberry Yield Trial |  |  |  |  |  | 
Preliminary Cran 2015.xlsx,2015,Sheet2,0,1,False,False,
Preliminary Cran 2015.xlsx,2015,Sheet3,0,1,False,False,
Preliminary Early Navy 2015.xlsx,2015,Sheet1,86,22,False,False, | Preliminary Early Navy Yield Trial |  |  |  |  |  | 
Preliminary Early Navy 2015.xlsx,2015,Sheet2,0,1,False,False,
Preliminary Early Navy 2015.xlsx,2015,Sheet3,0,1,False,False,
Preliminary Full Navy 2015.xlsx,2015,Sheet1,64,22,False,False, | Preliminary Full Navy Yield Trial |  |  |  |  |  | 
Preliminary Full Navy 2015.xlsx,2015,Sheet2,0,1,False,False,
Preliminary Full Navy 2015.xlsx,2015,Sheet3,0,1,False,False,
Preliminary Kidney 2015.xlsx,2015,Sheet1,86,26,False,False, | Preliminary Kidney Yield Trial |  |  |  |  |  | 
Preliminary Kidney 2015.xlsx,2015,Sheet2,0,1,False,False,
Preliminary Kidney 2015.xlsx,2015,Sheet3,0,1,False,False,
Preliminary MML 2015.xlsx,2015,Sheet1,71,24,False,False, | Preliminary MML Yield Trial |  |  |  |  |  | 
Preliminary MML 2015.xlsx,2015,Sheet2,0,1,False,False,
Preliminary MML 2015.xlsx,2015,Sheet3,0,1,False,False,
Preliminary Medium Navy 2015.xlsx,2015,Sheet1,64,22,False,False, | Preliminary Medium Navy Yield Trial |  |  |  |  |  | 
Preliminary Medium Navy 2015.xlsx,2015,Sheet2,0,1,False,False,
Preliminary Medium Navy 2015.xlsx,2015,Sheet3,0,1,False,False,
Preliminary Misc 2015.xlsx,2015,Sheet1,54,24,False,False, | Preliminary Misc Yield Trial |  |  |  |  |  | 
Preliminary Misc 2015.xlsx,2015,Sheet2,0,1,False,False,
Preliminary Misc 2015.xlsx,2015,Sheet3,0,1,False,False,
Pursuit summary 2015.xlsx,2015,Sheet1,28,19,False,False, |  | Pursuit  Trial |  |  |  |  | 
Pursuit summary 2015.xlsx,2015,Sheet2,0,1,False,False,
Pursuit summary 2015.xlsx,2015,Sheet3,0,1,False,False,
Woodstock Lg Sd Coloured Regn Perf 2015.xlsx,2015,Sheet1,31,18,False,False, | Ontario Large Seeded Coloured Bean Registration and Performance Trial |  |  |  |  |  | 
Woodstock Lg Sd Coloured Regn Perf 2015.xlsx,2015,Sheet2,0,1,False,False,
Woodstock Lg Sd Coloured Regn Perf 2015.xlsx,2015,Sheet3,0,1,False,False,
Woodstock Navy RP.xlsx,,Sheet1,46,13,False,False, |  | Ontario Navy Bean Registration and Performance Trial |  |  |  |  | 
Woodstock Navy RP.xlsx,,Sheet2,0,1,False,False,
Woodstock Navy RP.xlsx,,Sheet3,0,1,False,False,
Advanced Black Summary.xlsx,,Sheet1,51,34,False,False, | Advanced Blackbean Trial |  |  |  |  |  | 
Advanced Black Summary.xlsx,,Sheet2,0,1,False,False,
Advanced Black Summary.xlsx,,Sheet3,0,1,False,False,
Advanced Cranberry Summary.xlsx,,Sheet1,46,33,False,False, | Advanced Cranberry Trial |  |  |  |  |  | 
Advanced Cranberry Summary.xlsx,,Sheet2,0,1,False,False,
Advanced Cranberry Summary.xlsx,,Sheet3,0,1,False,False,
Advanced Kidney Summary.xlsx,,Sheet1,50,34,False,False, | Advanced Kidney Trial |  |  |  |  |  | 
Advanced Kidney Summary.xlsx,,Sheet2,0,1,False,False,
Advanced Kidney Summary.xlsx,,Sheet3,0,1,False,False,
Advanced Misc Summary.xlsx,,Sheet1,31,34,False,False, | Advanced Misc Trial |  |  |  |  |  | 
Advanced Misc Summary.xlsx,,Sheet2,0,1,False,False,
Advanced Misc Summary.xlsx,,Sheet3,0,1,False,False,
Advanced Navy Early Summary.xlsx,,Sheet1,45,36,False,False, | Advanced Navy Early Trial |  |  |  |  |  | 
Advanced Navy Early Summary.xlsx,,Sheet2,0,1,False,False,
Advanced Navy Early Summary.xlsx,,Sheet3,0,1,False,False,
Advanced Navy Full Summary.xlsx,,Sheet1,45,29,False,False, | Advanced Navy Full Trial |  |  |  |  |  | 
Advanced Navy Full Summary.xlsx,,Sheet2,0,1,False,False,
Advanced Navy Full Summary.xlsx,,Sheet3,0,1,False,False,
Advanced Navy Mid Summary.xlsx,,Sheet1,45,29,False,False, | Advanced Navy Mid Trial |  |  |  |  |  | 
Advanced Navy Mid Summary.xlsx,,Sheet2,0,1,False,False,
Advanced Navy Mid Summary.xlsx,,Sheet3,0,1,False,False,
Advanced Otebo Sum.xlsx,,Sheet1,31,14,False,False, | Advanced Otebo Trial |  |  |  |  |  | 
Advanced Otebo Sum.xlsx,,Sheet2,0,1,False,False,
Advanced Otebo Sum.xlsx,,Sheet3,0,1,False,False,
Elora Lg Sd Coloured Regn Perf 2016 sum.xlsx,2016,Sheet1,50,22,False,False, | Ontario Large Seeded Coloured Bean Registration and Performance Trial |  |  |  |  |  | 
Elora Lg Sd Coloured Regn Perf 2016 sum.xlsx,2016,Sheet2,0,1,False,False,
Elora Lg Sd Coloured Regn Perf 2016 sum.xlsx,2016,Sheet3,0,1,False,False,
Woodstock Lg Sd Coloured Regn Perf 2016 sum.xlsx,2016,Sheet1,50,15,False,False, | Ontario Large Seeded Coloured Bean Registration and Performance Trial |  |  |  |  |  | 
Woodstock Lg Sd Coloured Regn Perf 2016 sum.xlsx,2016,Sheet2,0,1,False,False,
Woodstock Lg Sd Coloured Regn Perf 2016 sum.xlsx,2016,Sheet3,0,1,False,False,
Woodstock Navy RP Sum.xlsx,,Sheet1,42,12,False,False, | Ontario Navy Bean Registration and Performance Trial |  |  |  |  |  | 
Woodstock Navy RP Sum.xlsx,,Sheet2,0,1,False,False,
Woodstock Navy RP Sum.xlsx,,Sheet3,0,1,False,False,
2017 Woodstock large seed PYT ths.xlsx,2017,Assessment Data Summary 1,199,10,False,False,Nov-8-2017 (2017 Wide Row PYT Woodstock) Assessment Data Summary Page 1 of 2 |  |  |  |  |  |  | 
2017 Woodstock large seed PYT ths.xlsx,2017,AOV Means Table 2,77,13,False,False,Nov-8-2017 (2017 Wide Row PYT Woodstock) AOV Means Table Page 2 of 2 |  |  |  |  |  |  | 
2017 Woodstock large seed PYT ths.xlsx,2017,Summary,48,14,False,False,2017 Wide Row Dry Bean Preliminary Yield Trial (PYT) - Woodstock |  |  |  |  |  |  | 
Advanced Coloured WRS and StT Summary 2017.xlsx,2017,Misc,32,32,False,False, | Advanced Misc Trial |  |  |  |  |  | 
Advanced Coloured WRS and StT Summary 2017.xlsx,2017,Kidney,39,32,False,False, | Advanced Kidney Trial |  |  |  |  |  | 
Advanced Coloured WRS and StT Summary 2017.xlsx,2017,Cran,33,32,False,False, | Advanced Cranberry Trial |  |  |  |  |  | 
Advanced Coloured WRS and StT Summary 2017.xlsx,2017,MiscEO,35,23,False,False, | Advanced Misc Elora Only Trial |  |  |  |  |  | 
Advanced Coloured WRS and StT Summary 2017.xlsx,2017,KidneyEO,35,20,False,False, | Advanced Kidney Elora Only Trial |  |  |  |  |  | 
Advanced Coloured WRS and StT Summary 2017.xlsx,2017,CranEO,31,20,False,False, | Advanced Cranbery Elora Only Trial |  |  |  |  |  | 
Advanced Yield Trials 2017 Summary Arif.xlsx,2017,Elora ANE 2017,42,15,False,False, | Advanced Navy Early Trial |  |  |  |  |  | 
Advanced Yield Trials 2017 Summary Arif.xlsx,2017,St.thomas ANE 2017,40,11,False,False, | Advanced Navy Early Trial |  |  |  |  |  | 
Advanced Yield Trials 2017 Summary Arif.xlsx,2017,Average ANE 2017,27,14,False,False, | Advanced Navy Early Trial |  |  |  |  |  | 
Advanced Yield Trials 2017 Summary Arif.xlsx,2017,Elora ANM 2017,42,14,False,False, | Advanced Navy Mid Trial |  |  |  |  |  | 
Advanced Yield Trials 2017 Summary Arif.xlsx,2017,St. Thomas ANM 2017,39,12,False,False, | Advanced Navy Mid Trial |  |  |  |  |  | 
Advanced Yield Trials 2017 Summary Arif.xlsx,2017,Average ANM 2017,27,14,False,False, | Advanced NavyMid Trial |  |  |  |  |  | 
Advanced Yield Trials 2017 Summary Arif.xlsx,2017,Elora ANF 2017,42,14,False,False, | Advanced Navy Full Trial |  |  |  |  |  | 
Advanced Yield Trials 2017 Summary Arif.xlsx,2017,St. Thomas ANF 2017,44,13,False,False, | Advanced Navy Full Trial |  |  |  |  |  | 
Advanced Yield Trials 2017 Summary Arif.xlsx,2017,Average ANF 2017,27,14,False,False, | Advanced Navy Full Trial |  |  |  |  |  | 
Advanced Yield Trials 2017 Summary Arif.xlsx,2017,Elora ABlk 2017,46,16,False,False, | Advanced Blackbean Trial |  |  |  |  |  | 
Advanced Yield Trials 2017 Summary Arif.xlsx,2017,St. Thomas ABlk 2017,48,12,False,False,Advanced Blackbean Trial |  |  |  |  |  |  | 
Advanced Yield Trials 2017 Summary Arif.xlsx,2017,Average Blk 2017,32,15,False,False, | Advanced Blackbean Trial |  |  |  |  |  | 
Advanced Yield Trials 2017 Summary Arif.xlsx,2017,St.Thomas AKid 2017,79,16,False,False, | Advanced Kidney bean Trial |  |  |  |  |  | 
Advanced Yield Trials 2017 Summary Arif.xlsx,2017,St. Thomas ACrn 2017,55,18,False,False, | Advanced Cranberry bean Trial |  |  |  |  |  | 
Advanced Yield Trials 2017 Summary Arif.xlsx,2017,St. Thomas AMisc 2017,62,21,False,False, |  |  |  |  |  |  | 
Elora Navy RP Summary 2017.xlsx,2017,Sheet1,53,15,False,False, | Ontario Navy Bean Registration and Performance Trial |  |  |  |  |  | 
Elora Navy RP Summary 2017.xlsx,2017,Sheet2,0,1,False,False,
Elora Navy RP Summary 2017.xlsx,2017,Sheet3,0,1,False,False,
LgSdRgnPerf3RepsWoodstock17.xlsx,,Sheet1,64,20,False,False, | Ontario Large Seeded Coloured Bean Registration and Performance Trial |  |  |  |  |  | 
LgSdRgnPerf3RepsWoodstock17.xlsx,,Sheet2,0,1,False,False,
LgSdRgnPerf3RepsWoodstock17.xlsx,,Sheet3,0,1,False,False,
Organic summary 2017a.xlsx,2017,Sheet1,38,26,False,False, |  | Organic  Trial |  |  |  |  | 
Organic summary 2017a.xlsx,2017,Sheet2,0,1,False,False,
Organic summary 2017a.xlsx,2017,Sheet3,0,1,False,False,
Prelim Black Summary 2017 Eand StT.xlsx,2017,Sheet1,84,26,False,False, | Preliminary Black Maturity Trial |  |  |  |  |  | 
Prelim Black Summary 2017 Eand StT.xlsx,2017,Sheet2,0,1,False,False,
Prelim Black Summary 2017 Eand StT.xlsx,2017,Sheet3,0,1,False,False,
Prelim Cranberry Elora Only Summary 2017.xlsx,2017,Sheet1,39,13,False,False, | Preliminary Cranberry Elora Only Trial |  |  |  |  |  | 
Prelim Cranberry Elora Only Summary 2017.xlsx,2017,Sheet2,0,1,False,False,
Prelim Cranberry Elora Only Summary 2017.xlsx,2017,Sheet3,0,1,False,False,
Prelim Cranberry Summary 2017 E and StT.xlsx,2017,Sheet1,55,26,False,False, | Preliminary Cranberry Trial |  |  |  |  |  | 
Prelim Cranberry Summary 2017 E and StT.xlsx,2017,Sheet2,0,1,False,False,
Prelim Cranberry Summary 2017 E and StT.xlsx,2017,Sheet3,0,1,False,False,
Prelim Kidney Elora Only Summary 2017.xlsx,2017,Sheet1,29,13,False,False, | Preliminary Kidney Elora Only Trial |  |  |  |  |  | 
Prelim Kidney Elora Only Summary 2017.xlsx,2017,Sheet2,0,1,False,False,
Prelim Kidney Elora Only Summary 2017.xlsx,2017,Sheet3,0,1,False,False,
Prelim Kidney Summary 2017 E and StT.xlsx,2017,Sheet1,45,26,False,False, | Preliminary Kidney Trial |  |  |  |  |  | 
Prelim Kidney Summary 2017 E and StT.xlsx,2017,Sheet2,0,1,False,False,
Prelim Kidney Summary 2017 E and StT.xlsx,2017,Sheet3,0,1,False,False,
Prelim Misc Elora Only Summary 2017.xlsx,2017,Sheet1,55,13,False,False, | Preliminary Misc Elora Only Trial |  |  |  |  |  | 
Prelim Misc Elora Only Summary 2017.xlsx,2017,Sheet2,0,1,False,False,
Prelim Misc Elora Only Summary 2017.xlsx,2017,Sheet3,0,1,False,False,
Prelim Navy Early Summary 2017 E and StT.xlsx,2017,Sheet1,61,26,False,False, | Preliminary Navy Early Maturity Trial |  |  |  |  |  | 
Prelim Navy Early Summary 2017 E and StT.xlsx,2017,Sheet2,0,1,False,False,
Prelim Navy Early Summary 2017 E and StT.xlsx,2017,Sheet3,0,1,False,False,
Prelim Navy Full Summary 2017 E and StT.xlsx,2017,Sheet1,62,26,False,False, | Preliminary Navy Full Maturity Trial |  |  |  |  |  | 
Prelim Navy Full Summary 2017 E and StT.xlsx,2017,Sheet2,0,1,False,False,
Prelim Navy Full Summary 2017 E and StT.xlsx,2017,Sheet3,0,1,False,False,
Prelim Navy Mid Summary 2017 E and StT.xlsx,2017,Sheet1,62,26,False,False, | Preliminary Navy Mid Maturity Trial |  |  |  |  |  | 
Prelim Navy Mid Summary 2017 E and StT.xlsx,2017,Sheet2,0,1,False,False,
Prelim Navy Mid Summary 2017 E and StT.xlsx,2017,Sheet3,0,1,False,False,
Prelim Pinto Summary 2017 E and StT.xlsx,2017,Sheet1,44,24,False,False, | Preliminary Pinto Trial |  |  |  |  |  | 
Prelim Pinto Summary 2017 E and StT.xlsx,2017,Sheet2,0,1,False,False,
Prelim Pinto Summary 2017 E and StT.xlsx,2017,Sheet3,0,1,False,False,
Pursuit Summary 17.xlsx,,Overall,38,19,False,False, |  |  |  |  |  |  | 
Pursuit Summary 17.xlsx,,Details,28,8,False,False, |  |  |  |  |  |  | 
Pursuit Summary 17.xlsx,,Sheet3,0,1,False,False,
AB Summary 2018.xlsx,2018,Sheet1,40,17,False,False, | Advanced Black Trial |  |  |  |  |  | 
AB Summary 2018.xlsx,2018,Sheet2,0,1,False,False,
AB Summary 2018.xlsx,2018,Sheet3,0,1,False,False,
AC Summary 2018.xlsx,2018,Sheet1,34,20,False,False, | Advanced Cranberry Trial |  |  |  |  |  | 
AC Summary 2018.xlsx,2018,Sheet2,0,1,False,False,
AC Summary 2018.xlsx,2018,Sheet3,0,1,False,False,
AK Summary 2018.xlsx,2018,Sheet1,30,21,False,False, | Advanced Kidney Trial |  |  |  |  |  | 
AK Summary 2018.xlsx,2018,Sheet2,0,1,False,False,
AK Summary 2018.xlsx,2018,Sheet3,0,1,False,False,
AM Summary 2018.xlsx,2018,Sheet1,42,19,False,False, | Advanced Misc Trial |  |  |  |  |  | 
AM Summary 2018.xlsx,2018,Sheet2,0,1,False,False,
AM Summary 2018.xlsx,2018,Sheet3,0,1,False,False,
ANE Summary 2018.xlsx,2018,Sheet1,35,18,False,False, | Advanced Navy Early Maturity Trial |  |  |  |  |  | 
ANE Summary 2018.xlsx,2018,Sheet2,0,1,False,False,
ANE Summary 2018.xlsx,2018,Sheet3,0,1,False,False,
ANF Summary 2018.xlsx,2018,Sheet1,35,18,False,False, | Advanced Navy Full Maturity Trial |  |  |  |  |  | 
ANF Summary 2018.xlsx,2018,Sheet2,0,1,False,False,
ANF Summary 2018.xlsx,2018,Sheet3,0,1,False,False,
ANM Summary 2018.xlsx,2018,Sheet1,35,18,False,False, | Advanced Navy Mid Maturity Trial |  |  |  |  |  | 
ANM Summary 2018.xlsx,2018,Sheet2,0,1,False,False,
ANM Summary 2018.xlsx,2018,Sheet3,0,1,False,False,
AP Summary 2018.xlsx,2018,Sheet1,39,23,False,False, | Advanced Pinto Trial |  |  |  |  |  | 
AP Summary 2018.xlsx,2018,Sheet2,0,1,False,False,
AP Summary 2018.xlsx,2018,Sheet3,0,1,False,False,
CBAT Summary 2018.xlsx,2018,Sheet1,35,13,False,False, | Canadian Bean Adaptation Trial |  |  |  |  |  | 
CBAT Summary 2018.xlsx,2018,Sheet2,0,1,False,False,
CBAT Summary 2018.xlsx,2018,Sheet3,0,1,False,False,
AAdzERS19Summary.xlsx,,Sheet1,45,15,False,False,Advanced Azuki Trial |  |  |  |  |  |  | 
AAdzERS19Summary.xlsx,,Sheet2,0,1,False,False,
AAdzERS19Summary.xlsx,,Sheet3,0,1,False,False,
AAdzWRS19SummaryforPP.xlsx,,Sheet1,45,16,False,False,Advanced Azuki Trial |  |  |  |  |  |  | 
AAdzWRS19SummaryforPP.xlsx,,Sheet2,0,1,False,False,
AAdzWRS19SummaryforPP.xlsx,,Sheet3,0,1,False,False,
AB Summary 2019.xlsx,2019,Sheet1,41,22,False,False, | Advanced Black Trial |  |  |  |  |  | 
AB Summary 2019.xlsx,2019,Sheet2,0,1,False,False,
AB Summary 2019.xlsx,2019,Sheet3,0,1,False,False,
AC Summary 2019.xlsx,2019,Sheet1,37,20,False,False, | Advanced Cranberry Trial |  |  |  |  |  | 
AC Summary 2019.xlsx,2019,Sheet2,0,1,False,False,
AC Summary 2019.xlsx,2019,Sheet3,0,1,False,False,
AK Summary 2019.xlsx,2019,Sheet1,42,20,False,False, | Advanced kidney Trial |  |  |  |  |  | 
AK Summary 2019.xlsx,2019,Sheet2,0,1,False,False,
AK Summary 2019.xlsx,2019,Sheet3,0,1,False,False,
ANE Summary 2019.xlsx,2019,Sheet1,36,21,False,False, | Advanced Navy Early Maturity Trial |  |  |  |  |  | 
ANE Summary 2019.xlsx,2019,Sheet2,0,1,False,False,
ANE Summary 2019.xlsx,2019,Sheet3,0,1,False,False,
ANFnew  Summary 2019.xlsx,2019,Sheet1,37,22,False,False, | Advanced Navy Full Maturity Trial |  |  |  |  |  | 
ANFnew  Summary 2019.xlsx,2019,Sheet2,0,1,False,False,
ANFnew  Summary 2019.xlsx,2019,Sheet3,0,1,False,False,
ANM Summary 2019.xlsx,2019,Sheet1,36,21,False,False, | Advanced Navy Mid Maturity Trial |  |  |  |  |  | 
ANM Summary 2019.xlsx,2019,Sheet2,0,1,False,False,
ANM Summary 2019.xlsx,2019,Sheet3,0,1,False,False,
AP Summary 2019.xlsx,2019,Sheet1,43,18,False,False, | Advanced Pinto Trial |  |  |  |  |  | 
AP Summary 2019.xlsx,2019,Sheet2,0,1,False,False,
AP Summary 2019.xlsx,2019,Sheet3,0,1,False,False,
ASmSd Summary 2019.xlsx,2019,Sheet1,43,19,False,False, | Advanced Small Seeded Trial |  |  |  |  |  | 
ASmSd Summary 2019.xlsx,2019,Sheet2,0,1,False,False,
ASmSd Summary 2019.xlsx,2019,Sheet3,0,1,False,False,
CDBN Summary 2019.xlsx,2019,Sheet1,61,15,False,False, | CDBN Trial |  |  |  |  |  | 
CDBN Summary 2019.xlsx,2019,Sheet2,0,1,False,False,
CDBN Summary 2019.xlsx,2019,Sheet3,0,1,False,False,
PYT WRS Summary 2019.xlsx,2019,Sheet1,63,17,False,False, | Preliminary Yield Trial |  |  |  |  |  | 
PYT WRS Summary 2019.xlsx,2019,Sheet2,0,1,False,False,
PYT WRS Summary 2019.xlsx,2019,Sheet3,0,1,False,False,
PrelAdzCombined19Summary.xlsx,,Combined,27,15,False,False,Preliminary Azuki Trial |  |  |  |  |  |  | 
PrelAdzCombined19Summary.xlsx,,Woodstock,27,12,False,False,Preliminary Azuki Trial |  |  |  |  |  |  | 
PrelAdzCombined19Summary.xlsx,,Elora,27,12,False,False,Preliminary Azuki Trial |  |  |  |  |  |  | 
Prelim Black Summary 2019.xlsx,2019,Sheet1,38,17,False,False, | Preliminary Black Trial |  |  |  |  |  | 
Prelim Black Summary 2019.xlsx,2019,Sheet2,0,1,False,False,
Prelim Black Summary 2019.xlsx,2019,Sheet3,0,1,False,False,
Prelim Cranberry Summary 2019.xlsx,2019,Sheet1,40,17,False,False, | Preliminary Cranberry Trial |  |  |  |  |  | 
Prelim Cranberry Summary 2019.xlsx,2019,Sheet2,0,1,False,False,
Prelim Cranberry Summary 2019.xlsx,2019,Sheet3,0,1,False,False,
Prelim Kidney Summary 2019.xlsx,2019,Sheet1,40,17,False,False, | Preliminary Kidney Trial |  |  |  |  |  | 
Prelim Kidney Summary 2019.xlsx,2019,Sheet2,0,1,False,False,
Prelim Kidney Summary 2019.xlsx,2019,Sheet3,0,1,False,False,
Prelim Navy Early Summary 2019.xlsx,2019,Sheet1,40,17,False,False, | Preliminary Navy Early Trial |  |  |  |  |  | 
Prelim Navy Early Summary 2019.xlsx,2019,Sheet2,0,1,False,False,
Prelim Navy Early Summary 2019.xlsx,2019,Sheet3,0,1,False,False,
Prelim Navy Full Summary 2019.xlsx,2019,Sheet1,40,17,False,False, | Preliminary Navy Full Trial |  |  |  |  |  | 
Prelim Navy Full Summary 2019.xlsx,2019,Sheet2,0,1,False,False,
Prelim Navy Full Summary 2019.xlsx,2019,Sheet3,0,1,False,False,
Prelim Navy Mid Summary 2019.xlsx,2019,Sheet1,40,17,False,False, | Preliminary Navy Mid Trial |  |  |  |  |  | 
Prelim Navy Mid Summary 2019.xlsx,2019,Sheet2,0,1,False,False,
Prelim Navy Mid Summary 2019.xlsx,2019,Sheet3,0,1,False,False,
Prelim Other Summary 2019.xlsx,2019,Sheet1,28,16,False,False, | Preliminary Other Trial |  |  |  |  |  | 
Prelim Other Summary 2019.xlsx,2019,Sheet2,0,1,False,False,
Prelim Other Summary 2019.xlsx,2019,Sheet3,0,1,False,False,
Prelim Pinto Summary 2019.xlsx,2019,Sheet1,40,17,False,False, | Preliminary Pinto Trial |  |  |  |  |  | 
Prelim Pinto Summary 2019.xlsx,2019,Sheet2,0,1,False,False,
Prelim Pinto Summary 2019.xlsx,2019,Sheet3,0,1,False,False,
Private Other 4 locations Summary 2019.xlsx,2019,PrOthEN,28,20,False,False, | Private Other Trial - Narrow Row |  |  |  |  |  | 
Private Other 4 locations Summary 2019.xlsx,2019,PrOthEW,25,17,False,False, | Private Other Trial - Wide Row |  |  |  |  |  | 
Private Other 4 locations Summary 2019.xlsx,2019,PrOthWN,26,16,False,False, | Private Other Trial - Narrow Row |  |  |  |  |  | 
Private Other 4 locations Summary 2019.xlsx,2019,PrOthWW,26,18,False,False, | Private Other Trial - Wide Row |  |  |  |  |  | 
Pursuit Summary 2019.xlsx,2019,Overall,44,26,False,False, |  |  |  |  |  |  | 
Pursuit Summary 2019.xlsx,2019,Details,32,11,False,False, |  |  |  |  |  |  | 
Pursuit Summary 2019.xlsx,2019,Sheet3,0,1,False,False,
2 year Private Pinto Summary PrPi 4 location Summary 2020 PrPi 2 location 2018 Jan 2021.xlsx,2018,Candidate Summaries,106,21,False,False, | Private Pinto Trial |  |  |  |  |  | 
2 year Private Pinto Summary PrPi 4 location Summary 2020 PrPi 2 location 2018 Jan 2021.xlsx,2018,2 year summary,33,20,False,False, | Private Pinto Trial |  |  |  |  |  | 
2 year Private Pinto Summary PrPi 4 location Summary 2020 PrPi 2 location 2018 Jan 2021.xlsx,2018,all 2020 locns,36,20,False,False, | Private Pinto Trial - All 4 locations 2020 |  |  |  |  |  | 
2 year Private Pinto Summary PrPi 4 location Summary 2020 PrPi 2 location 2018 Jan 2021.xlsx,2018,both 2018 locations,28,16,False,False, | Private Pinto Trial |  |  |  |  |  | 
2 year Private Pinto Summary PrPi 4 location Summary 2020 PrPi 2 location 2018 Jan 2021.xlsx,2018,ERS 2018,28,16,False,False, | Private Pinto Trial |  |  |  |  |  | 
2 year Private Pinto Summary PrPi 4 location Summary 2020 PrPi 2 location 2018 Jan 2021.xlsx,2018,WRS 2018,26,13,False,False, | Private Pinto Trial |  |  |  |  |  | 
2 year Private Pinto Summary PrPi 4 location Summary 2020 PrPi 2 location 2018 Jan 2021.xlsx,2018,ERS narrow,38,20,False,False, | Private Pinto Trial - Narrow Row |  |  |  |  |  | 
2 year Private Pinto Summary PrPi 4 location Summary 2020 PrPi 2 location 2018 Jan 2021.xlsx,2018,ERS wide,36,20,False,False, | Private Pinto Trial - Wide Row |  |  |  |  |  | 
2 year Private Pinto Summary PrPi 4 location Summary 2020 PrPi 2 location 2018 Jan 2021.xlsx,2018,WRS narrow,36,20,False,False, | Private Pinto Trial - Narrow Row |  |  |  |  |  | 
2 year Private Pinto Summary PrPi 4 location Summary 2020 PrPi 2 location 2018 Jan 2021.xlsx,2018,WRS wide,36,20,False,False, | Private Pinto Trial - Wide Row |  |  |  |  |  | 
AAdzERS2020Summary.LS.xlsx,2020,Sheet1,36,18,False,False,Advanced Azuki Trial |  |  |  |  |  |  | 
AAdzERS2020Summary.LS.xlsx,2020,Sheet2,0,1,False,False,
AAdzERS2020Summary.LS.xlsx,2020,Sheet3,0,1,False,False,
AAdzWRS2020Summary.LS.xlsx,2020,Sheet1,36,18,False,False,Advanced Azuki Trial |  |  |  |  |  |  | 
AAdzWRS2020Summary.LS.xlsx,2020,Sheet2,0,1,False,False,
AAdzWRS2020Summary.LS.xlsx,2020,Sheet3,0,1,False,False,
AB Summary 2020 CBB WM RR.xlsx,2020,Sheet1,42,25,False,False, | Advanced Blackbean Trial |  |  |  |  |  | 
AB Summary 2020 CBB WM RR.xlsx,2020,Sheet2,0,1,False,False,
AB Summary 2020 CBB WM RR.xlsx,2020,Sheet3,0,1,False,False,
AC Summary 2020 CBB WM RR.xlsx,2020,Sheet1,42,25,False,False, | Advanced Cranberry Trial |  |  |  |  |  | 
AC Summary 2020 CBB WM RR.xlsx,2020,Sheet2,0,1,False,False,
AC Summary 2020 CBB WM RR.xlsx,2020,Sheet3,0,1,False,False,
AK Summary 2020 CBB WM RR.xlsx,2020,Sheet1,29,26,False,False, | Advanced Kidney Trial |  |  |  |  |  | 
AK Summary 2020 CBB WM RR.xlsx,2020,Sheet2,0,1,False,False,
AK Summary 2020 CBB WM RR.xlsx,2020,Sheet3,0,1,False,False,
ANE Summary 2020 CBB WM RR.xlsx,2020,Sheet1,41,27,False,False, | Advanced Navy Early Trial |  |  |  |  |  | 
ANE Summary 2020 CBB WM RR.xlsx,2020,Sheet2,0,1,False,False,
ANE Summary 2020 CBB WM RR.xlsx,2020,Sheet3,0,1,False,False,
ANF Summary 2020 CBB WM RR.xlsx,2020,Sheet1,39,27,False,False, | Advanced Navy Full Trial |  |  |  |  |  | 
ANF Summary 2020 CBB WM RR.xlsx,2020,Sheet2,0,1,False,False,
ANF Summary 2020 CBB WM RR.xlsx,2020,Sheet3,0,1,False,False,
ANM Summary 2020 CBB WM RR.xlsx,2020,Sheet1,41,27,False,False, | Advanced Navy Mid Trial |  |  |  |  |  | 
ANM Summary 2020 CBB WM RR.xlsx,2020,Sheet2,0,1,False,False,
ANM Summary 2020 CBB WM RR.xlsx,2020,Sheet3,0,1,False,False,
AO Summary CBB WM RR.xlsx,,Sheet1,34,26,False,False, | Advanced Other Trial |  |  |  |  |  | 
AO Summary CBB WM RR.xlsx,,Sheet2,0,1,False,False,
AO Summary CBB WM RR.xlsx,,Sheet3,0,1,False,False,
AP Summary 2020 CBB WM RR.xlsx,2020,Sheet1,38,26,False,False, | Advanced Pinto Trial |  |  |  |  |  | 
AP Summary 2020 CBB WM RR.xlsx,2020,Sheet2,0,1,False,False,
AP Summary 2020 CBB WM RR.xlsx,2020,Sheet3,0,1,False,False,
PBlack Summary 2020 CBB.xlsx,2020,Sheet1,49,19,False,False, | Preliminary Black Trial |  |  |  |  |  | 
PBlack Summary 2020 CBB.xlsx,2020,Sheet2,0,1,False,False,
PBlack Summary 2020 CBB.xlsx,2020,Sheet3,0,1,False,False,
PNE Summary 2020 CBB.xlsx,2020,Sheet1,49,19,False,False, | Preliminary Navy Early Trial |  |  |  |  |  | 
PNE Summary 2020 CBB.xlsx,2020,Sheet2,0,1,False,False,
PNE Summary 2020 CBB.xlsx,2020,Sheet3,0,1,False,False,
PNF Summary 2020 CBB.xlsx,2020,Sheet1,49,21,False,False, | Preliminary Navy Full Trial |  |  |  |  |  | 
PNF Summary 2020 CBB.xlsx,2020,Sheet2,0,1,False,False,
PNF Summary 2020 CBB.xlsx,2020,Sheet3,0,1,False,False,
PNM Summary 2020 CBB.xlsx,2020,Sheet1,49,21,False,False, | Preliminary Navy Mid Trial |  |  |  |  |  | 
PNM Summary 2020 CBB.xlsx,2020,Sheet2,0,1,False,False,
PNM Summary 2020 CBB.xlsx,2020,Sheet3,0,1,False,False,
POtebo Summary 2020 CBB.xlsx,2020,Sheet1,49,18,False,False, | Preliminary Otebo Trial |  |  |  |  |  | 
POtebo Summary 2020 CBB.xlsx,2020,Sheet2,0,1,False,False,
POtebo Summary 2020 CBB.xlsx,2020,Sheet3,0,1,False,False,
PrelAdzERS2020Summary.LS.xlsx,2020,Sheet1,39,20,False,False,Preliminary Azuki Trial Elora R.S. 2020 |  |  |  |  |  |  | 
PrelAdzERS2020Summary.LS.xlsx,2020,Sheet2,0,1,False,False,
PrelAdzERS2020Summary.LS.xlsx,2020,Sheet3,0,1,False,False,
PrelimCran Summary 2020 CBB.xlsx,2020,Sheet1,49,21,False,False, | Preliminary Cranberry Trial |  |  |  |  |  | 
PrelimCran Summary 2020 CBB.xlsx,2020,Sheet2,0,1,False,False,
PrelimCran Summary 2020 CBB.xlsx,2020,Sheet3,0,1,False,False,
PrelimCranEloraOnly Summary 2020.xlsx,2020,Sheet1,49,19,False,False, | Preliminary Cranberry Elora Only Trial |  |  |  |  |  | 
PrelimCranEloraOnly Summary 2020.xlsx,2020,Sheet2,0,1,False,False,
PrelimCranEloraOnly Summary 2020.xlsx,2020,Sheet3,0,1,False,False,
PrelimKidney Summary 2020 CBB.xlsx,2020,Sheet1,49,21,False,False, | Preliminary Kidney Trial |  |  |  |  |  | 
PrelimKidney Summary 2020 CBB.xlsx,2020,Sheet2,0,1,False,False,
PrelimKidney Summary 2020 CBB.xlsx,2020,Sheet3,0,1,False,False,
2021 C&C ON QA Report.xlsx,2021,Small Seed,34,19,False,False, |  |  |  |  |  |  | 
2021 C&C ON QA Report.xlsx,2021,Large Seed,33,19,False,False, |  |  |  |  |  |  | 
2021 C&C ON QA Report.xlsx,2021,Small White,32,19,False,False, |  |  |  |  |  |  | 
2021 C&C ON QA Report.xlsx,2021,Private Trial,37,19,False,False, |  |  |  |  |  |  | 
BCMV Screening 2022.xlsx,2022,Kid Cran,38,8,False,False, | Race 1 |  |  | Race 15 |  |  | 
BCMV Screening 2022.xlsx,2022,Minor Class,28,8,False,False, | Race 1 |  |  | Race 15 |  |  | 
BCMV Screening 2022.xlsx,2022,WB,41,8,False,False, | Race 1 |  |  | Race 15 |  |  | 
BCMV Screening 2022.xlsx,2022,Controls,3,3,False,False,Race | Sanilac | Refugee
Advanced trial summaries 2021.xlsx,2021,ANE,29,18,False,False,Entry | Name | kg/ha | Yield rank | Index | Height | Plant type | Maturity
Advanced trial summaries 2021.xlsx,2021,ANM,29,19,False,False,Entry | Name | kg/ha | YIELD RANK | INDEX | Height | Plant type | Maturity
Advanced trial summaries 2021.xlsx,2021,ANF,29,18,False,False,Entry | Name | kg/ha | YIELD RANK | INDEX | Height | Plant type | Maturity
Advanced trial summaries 2021.xlsx,2021,AB,28,35,False,False,Entry | Name | kg/ha | RANK | INDEX | Height | Plant type | Maturity
Advanced trial summaries 2021.xlsx,2021,AC,21,19,False,False,Entry | Name | kg/ha | RANK | INDEX | Height | Plant type | Maturity
Advanced trial summaries 2021.xlsx,2021,AK,21,19,False,False,Entry | Name | kg/ha | RANK | INDEX | Height | Plant type | Maturity
Advanced trial summaries 2021.xlsx,2021,ACEO,21,16,False,False,entry | name | kg/ha | RANK | INDEX | Height | Plant type | Maturity
Advanced trial summaries 2021.xlsx,2021,AOEO,16,16,False,False,entry | name | kg/ha | RANK | INDEX | Height | Plant type | Maturity
Advanced trial summaries 2021.xlsx,2021,AAZE,30,15,False,False,entry | name | kg/ha | rank | INDEX | Height | Plant type | Maturity
Advanced trial summaries 2021.xlsx,2021,AAZW,30,17,False,False,entry | name | kg/ha | RANK | INDEX | Height | Plant type | Maturity
2021 OPCC Registration and Performance Data - KidCran.xlsx,2021,KidCran Disease,146,11,False,False, |  |  | Anth |  | Root Rot (avg) | White Mold | Exeter BBS
2021 OPCC Registration and Performance Data - KidCran.xlsx,2021,KidCran,577,17,True,True,Year | Location | Plot | Block | Entry | Name | Prev. Name | Class
2021 OPCC Registration and Performance Data - KidCran.xlsx,2021,Elora,145,17,True,True,Year | Location | Plot | Block | Entry | Name | Prev. Name | Class
2021 OPCC Registration and Performance Data - KidCran.xlsx,2021,Exeter,145,17,True,True,Year | Location | Plot | Block | Entry | Name | Prev. Name | Class
2021 OPCC Registration and Performance Data - KidCran.xlsx,2021,St Thomas,145,17,True,True,Year | Location | Plot | Block | Entry | Name | Prev. Name | Class
2021 OPCC Registration and Performance Data - KidCran.xlsx,2021,Woodstock,145,17,True,True,Year | Location | Plot | Block | Entry | Name | Prev. Name | Class
2021 OPCC Registration and Performance Data - Minor.xlsx,2021,Mninor Disease,106,11,False,False, |  |  | Anth |  | Root Rot (avg) | White Mold | Exeter BBS
2021 OPCC Registration and Performance Data - Minor.xlsx,2021,Minor Class,313,17,True,True,Year | Location | Plot | Block | Entry | Name | Prev. Name | Class
2021 OPCC Registration and Performance Data - Minor.xlsx,2021,Exeter,105,17,True,True,Year | Location | Plot | Block | Entry | Name | Prev. Name | Class
2021 OPCC Registration and Performance Data - Minor.xlsx,2021,St Thomas,105,17,True,True,Year | Location | Plot | Block | Entry | Name | Prev. Name | Class
2021 OPCC Registration and Performance Data - Minor.xlsx,2021,Winchester,105,17,True,True,Year | Location | Plot | Block | Entry | Name | Prev. Name | Class
2021 OPCC Registration and Performance Data - Navy.xlsx,2021,Navy Disease,158,11,False,False, |  |  | Anth |  | Root Rot (avg) | White Mold | Exeter BBS
2021 OPCC Registration and Performance Data - Navy.xlsx,2021,White Bean,781,15,True,True,Year | Location | Plot | Block | Entry | Name | Test Type | Entry Status
2021 OPCC Registration and Performance Data - Navy.xlsx,2021,Blyth,157,15,True,True,Year | Location | Plot | Block | Entry | Name | Test Type | Entry Status
2021 OPCC Registration and Performance Data - Navy.xlsx,2021,Elora,157,15,True,True,Year | Location | Plot | Block | Entry | Name | Test Type | Entry Status
2021 OPCC Registration and Performance Data - Navy.xlsx,2021,Exeter,157,15,True,True,Year | Location | Plot | Block | Entry | Name | Test Type | Entry Status
2021 OPCC Registration and Performance Data - Navy.xlsx,2021,Winchester,157,15,True,True,Year | Location | Plot | Block | Entry | Name | Test Type | Entry Status
2021 OPCC Registration and Performance Data - Navy.xlsx,2021,Woodstock,157,15,True,True,Year | Location | Plot | Block | Entry | Name | Test Type | Entry Status
2021 OPCC Registration and Performance Data All Locations.xlsx,2021,Minor Class,313,17,True,True,Year | Location | Plot | Block | Entry | Name | Prev. Name | Class
2021 OPCC Registration and Performance Data All Locations.xlsx,2021,KidCran,577,17,True,True,Year | Location | Plot | Block | Entry | Name | Prev. Name | Class
2021 OPCC Registration and Performance Data All Locations.xlsx,2021,White Bean,781,15,True,True,Year | Location | Plot | Block | Entry | Name | Test Type | Entry Status
2021 Registration and Performance Disease Data.xlsx,2021,Minor Class,106,11,False,False, |  |  | Anth |  | Root Rot (avg) | White Mold | Exeter BBS
2021 Registration and Performance Disease Data.xlsx,2021,Kidney Cran,146,11,False,False, |  |  | Anth |  | Root Rot (avg) | White Mold | Exeter BBS
2021 Registration and Performance Disease Data.xlsx,2021,White Bean,158,11,False,False, |  |  | Anth |  | Root Rot (avg) | White Mold | Exeter BBS
Azuki 2021 Summary for Peter.xlsx,2021,Az2020and2021,31,42,False,False, |  | Elora 2021 |  |  |  |  | Woodstock 2021
Azuki 2021 Summary for Peter.xlsx,2021,Az2021,33,11,False,False, |  | Average 2021 |  |  |  |  | 
Azuki 2021 Summary for Peter.xlsx,2021,AAZE,30,15,False,False,entry | name | kg/ha | rank | INDEX | Height | Plant type | Maturity
Azuki 2021 Summary for Peter.xlsx,2021,AAZW,30,18,False,False,entry | name | kg/ha | RANK | INDEX | Height | Plant type | Maturity
Azuki 2021 Summary for Peter.xlsx,2021,AAZE2020,35,18,False,False,Advanced Azuki Trial |  |  |  |  |  |  | 
Azuki 2021 Summary for Peter.xlsx,2021,Pz2021,65,14,False,False, |  | Elora 2021 |  |  |  | Woodstock 2021 | 
Azuki 2021 Summary for Peter.xlsx,2021,PAZE,30,19,False,False,entry | name | kg/ha | RANK | INDEX | MATURITY | HARVESTABILITY | greenstem
Azuki 2021 Summary for Peter.xlsx,2021,PAZW,30,15,False,False,entry | name | kg/ha | RANK | INDEX | mat | harv | greenstem
Breeding pipeline for Peter - 2021.xlsx,2021,2021F1,311,12,False,False,W21F1 | F1's at Elora 2021     Planted June 13 |  |  |  |  |  | 
Breeding pipeline for Peter - 2021.xlsx,2021,2021F2,237,11,False,False,W21F2 |  F2's at ERS in 2021   -one plot each   -planted June 11 |  | 325 |  |  |  | 
Breeding pipeline for Peter - 2021.xlsx,2021,2021F3CC,14,11,False,False,Entry | FN | ID | PEDIGREE |  |  | Colour | 
Breeding pipeline for Peter - 2021.xlsx,2021,2021F4PR,13,11,False,False,W21F4 | F4's from Puerto Rico in Elora 2021 |  |  |  |  |  | 
Breeding pipeline for Peter - 2021.xlsx,2021,2021F4PG,24,11,False,False,Entry | FN | ID | PEDIGREE |  |  | Colour | 
Breeding pipeline for Peter - 2021.xlsx,2021,2021AzF1,4,13,False,False,Entry | CID | Pedigree | No. | Colour | Type | Notes | Cross
Breeding pipeline for Peter - 2021.xlsx,2021,2021AZF4,14,8,False,False,Az21F4 | Azuki F4 2021 |  |  | PRAzF23 |  |  | WILL HAVE 2 6M PLOTS EACH IN 2022AZF5
PrNDCY -for Peter.xlsx,,Woodstock,23,16,True,False,entry | name | kg/ha | Yield rank | Yield index | Height | Plant Type | Maturity
PrNDCY -for Peter.xlsx,,ELORA,23,14,True,False,entry | name | kg/ha | Yield rank | Yiedl index | Height | Plant Type | Maturity
PrPi2021 -for Peter.xlsx,2021,W2,20,16,False,False,entry | name | kg/ha | Index | Yield rank | Height | Plant Type | Maturity
PrPi2021 -for Peter.xlsx,2021,W1,20,16,False,False,entry | name | kg/ha | Index | Yield rank | Height | Plant Type | Maturity
PrPi2021 -for Peter.xlsx,2021,E2,20,14,False,False,entry | name | kg/ha | Index | Yield rank | Height | Plant Type | Maturity
PrPi2021 -for Peter.xlsx,2021,E1,20,14,False,False,entry | name | kg/ha | Index | Yield rank | Height | Plant Type | Maturity
PrPi2021 -for Peter.xlsx,2021,4Location summary,20,12,False,False,Entry | Name | Yield | Yield index | Mean rank | Harvestability | Maturity | 100sdwt
PrPi2021 -for Peter.xlsx,2021,Anth,61,12,False,False,plot | entry | name | anth leaf | anth pod | anth leaf | anth pod | 
PrPi2021 yield data Woodstock andElora-for Peter.xlsx,2021,correlations,21,6,False,False, |  | W1 | W2 | E1 | E2
PrPi2021 yield data Woodstock andElora-for Peter.xlsx,2021,W2,20,16,False,False,entry | name | kg/ha | Index | Yield rank | Height | Plant Type | Maturity
PrPi2021 yield data Woodstock andElora-for Peter.xlsx,2021,W1,20,16,False,False,entry | name | kg/ha | Index | Yield rank | Height | Plant Type | Maturity
PrPi2021 yield data Woodstock andElora-for Peter.xlsx,2021,E1,20,14,False,False,entry | name | kg/ha | Index | Yield rank | Height | Plant Type | Maturity
PrPi2021 yield data Woodstock andElora-for Peter.xlsx,2021,E2,20,14,False,False,entry | name | kg/ha | Index | Yield rank | Height | Plant Type | Maturity
PrPi2021 yield data Woodstock andElora-for Peter.xlsx,2021,4Location summary,20,11,False,False,Entry | Name | Yield | Yield index | Mean rank | Harvestability | Maturity | 100sdwt
PrPi2021 yield data Woodstock andElora-for Peter.xlsx,2021,April Seln info for reference ,24,15,False,False, |  |  |  |  |  | For PrPi | 
PrPi2021 yield data Woodstock andElora-for Peter.xlsx,2021,Cooking list,12,3,False,False,Cooking list: Private Pinto Trial |  | 
Preliminary Trial summaries 2021.xlsx,2021,PNE,41,20,False,False,entry | name | kg/ha | RANK | INDEX | mat | harv | greenstem
Preliminary Trial summaries 2021.xlsx,2021,PNM,41,18,False,False,entry | name | kg/ha | RANK | INDEX | mat | harv | greenstem
Preliminary Trial summaries 2021.xlsx,2021,PNF,41,17,False,False,entry | name | kg/ha | RANK | INDEX | mat | harv | greenstem
Preliminary Trial summaries 2021.xlsx,2021,PB,41,24,False,False,entry | name | kg/ha | RANK | INDEX | mat | harv | greenstem
Preliminary Trial summaries 2021.xlsx,2021,PC,29,18,False,False,entry | name | kg/ha | RANK | INDEX | mat | harv | greenstem
Preliminary Trial summaries 2021.xlsx,2021,PK,37,24,False,False,entry | name | kg/ha | RANK | INDEX | mat | harv | greenstem
Preliminary Trial summaries 2021.xlsx,2021,PEBENEO,22,13,False,False,entry | name | kg/ha | rank | index | mat | harv | greenstem
Preliminary Trial summaries 2021.xlsx,2021,PEKNDCEO,29,14,False,False,entry | name | kg/ha | RANK | INDEX | mat | harv | greenstem
Preliminary Trial summaries 2021.xlsx,2021,PPEO,30,16,False,False,entry | name | kg/ha | rank | index | mat | harv | greenstem
Preliminary Trial summaries 2021.xlsx,2021,POEO,52,22,False,False,entry | name | kg/ha | RANK | INDEX | mat | harv | greenstem
Preliminary Trial summaries 2021.xlsx,2021,PSSEO,27,22,False,False,entry | name | kg/ha | RANK | INDEX | mat | harv | greenstem
Preliminary Trial summaries 2021.xlsx,2021,PAZE,30,18,False,False,entry | name | kg/ha | RANK | INDEX | MATURITY | HARVESTABILITY | greenstem
Preliminary Trial summaries 2021.xlsx,2021,PAZW,30,15,False,False,entry | name | kg/ha | RANK | INDEX | mat | harv | greenstem
Pursuit crosses in 2021 Prelims.xlsx,2021,Sheet1,18,5,False,False,Destiny of Pursuit crosses |  |  |  | 
Registration plot data for Emily-2021.xlsx,2021,RgMinor-anth,105,8,False,False,Plot | Block | Entry   | Name | Prev. Name | Leaf | Pod | Notes
Registration plot data for Emily-2021.xlsx,2021,RgMajor-anth,145,7,False,False,Plot | Block | Entry   | Name | Leaf | Pod | Notes
Registration plot data for Emily-2021.xlsx,2021,RPN-anth,157,7,False,False,plot | bloc | entry | name | leaf | pods | notes
Registration plot data for Emily-2021.xlsx,2021,RPNE,157,13,False,False,plot | entry | kg/ha | index | Maturity | Harvestability | 100sdwt | name
Registration plot data for Emily-2021.xlsx,2021,RPNW,157,13,False,False,plot | entry | kg/ha | index | Maturity | Harvestability | 100sdwt | name
Registration plot data for Emily-2021.xlsx,2021,RgMajorE,145,14,True,False,Plot | Entry | kg/ha | Index | Maturity | Harvestability | 100sdwt | Name
Registration plot data for Emily-2021.xlsx,2021,RgMajorW,145,14,True,False,Plot | Entry | kg/ha | Index | Maturity | Harvestability | 100sdwt | Name
Advanced Trial summaries 2022.xlsx,2022,ANE22,32,18,False,False,Entry | Name | Maturity | Yield | Unadjusted Yield | Index | Plant type | Greenstem %
Advanced Trial summaries 2022.xlsx,2022,ANM22,32,19,False,False,Test | Entry | Name | DAP | Yield | Unadjusted Yield | Index | Plant type
Advanced Trial summaries 2022.xlsx,2022,ANF22,32,20,False,False,Test | Entry | Name | Maturity | Yield | Unadjusted Yield | Index | Plant type
Advanced Trial summaries 2022.xlsx,2022,AB22,32,18,False,False,Test | Entry | Name | DAP | Yield | Index | Plant type | Greenstem %
Advanced Trial summaries 2022.xlsx,2022,AC22,24,18,False,False,Test | Entry | Name | DAP | Yield | Unadjusted Yield | Index | Plant type
Advanced Trial summaries 2022.xlsx,2022,AK22,32,20,False,False,Test | Entry | Name | Maturity | Yield | Unadjusted Yield | Index | Plant type
Advanced Trial summaries 2022.xlsx,2022,AMEO22,20,18,False,False,Test | Entry | Name | DAP | Yield | Unadjusted Yield | Index | Plant type
Advanced Trial summaries 2022.xlsx,2022,APEO22,21,19,False,False,Test | Entry | Name | Maturity | Yield | Unadjusted Yield | Index | Plant type
Advanced Trial summaries 2022.xlsx,2022,ASSEO22,21,18,False,False,Test | Entry | Name | Maturity | Yield | Unadjusted Yield | Index | Plant type
Azuki Trial Summaries 2022.xlsx,2022,AAzE22,33,19,True,False,Test | Location | Entry | Name | DAP | Yield | Yield (unadjusted) | Index
Azuki Trial Summaries 2022.xlsx,2022,AAzW22,30,19,True,False,Test | Location | Entry | Name | Maturity | Yield | Yield (unadjusted) | Index
Azuki Trial Summaries 2022.xlsx,2022,PAzE22,32,19,True,False,Test | Location | Entry | Name | DAP | Yield | Yield (unadjusted) | Index
Azuki Trial Summaries 2022.xlsx,2022,PAzW22,29,19,True,False,Test | Location | Entry | Name | DAP | Yield | Yield (unadjusted) | Index
Elora and Woodstock RP 2022.xlsx,2022,RPKCE,42,16,False,False,Entry | Name | Maturity (DAP) | Yield (kg/ha@18%) | Index (kg/ha/day) | 100sdwt (g@18%) | Harvestability(1>5) | Greenstem (%plot)
Elora and Woodstock RP 2022.xlsx,2022,RPKCW,42,14,False,False,Entry | Name | Maturity (DAP) | Yield (kg/ha@18%) | Yield (unadjusted) | Index (kg/ha/day) | 100sdwt (g@18%) | Harvestability(1>5)
Elora and Woodstock RP 2022.xlsx,2022,RPNE,35,15,False,False,Entry | Name | Maturity (DAP) | Yield (kg/ha@18%) | Index (kg/ha/day) | 100sdwt (g@18%) | Harvestability(1>5) | Greenstem (%plot)
Elora and Woodstock RP 2022.xlsx,2022,RPNW,35,14,False,False,Entry | Name | Maturity (DAP) | Yield (kg/ha@18%) | Yield (unadjusted) | Index (kg/ha/day) | 100sdwt (g@18%) | Harvestability(1>5)
Prelim Trial summaries 2022 with CBB.xlsx,2022,PNE22,44,17,False,False,Test | Entry | Name | Maturity | Yield | Index | Greenstem % | 100sdwt
Prelim Trial summaries 2022 with CBB.xlsx,2022,PNM22,44,18,False,False,Test | Entry | Name | Maturity | Yield | Adjusted Yield | Index | Greenstem %
Prelim Trial summaries 2022 with CBB.xlsx,2022,PNF22,44,17,False,False,Test | Entry | Name | Maturity | Yield | Index | Greenstem % | 100sdwt
Prelim Trial summaries 2022 with CBB.xlsx,2022,PB22,44,18,False,False,Test | Entry | Name | Maturity | Yield | Adjusted Yield | Index | Greenstem %
Prelim Trial summaries 2022 with CBB.xlsx,2022,PC22,44,18,False,False,Test | Entry | Name | Maturity | Yield | Unadjusted Yield | Index | Greenstem %
Prelim Trial summaries 2022 with CBB.xlsx,2022,PK22,28,18,False,False,Test | Entry | Name | Maturity | Yield | Unadjusted yield | Index | Greenstem %
Prelim Trial summaries 2022 with CBB.xlsx,2022,PMEO22,67,17,False,False,Test | Entry | Name | Maturity | Yield | Unadjusted Yield | Index | Greenstem %
Prelim Trial summaries 2022 with CBB.xlsx,2022,PPEO22,27,18,False,False,Test | Entry | Name | Maturity | Yield | Unadjusted Yield | Index | Greenstem %
Prelim Trial summaries 2022 with CBB.xlsx,2022,PSR22,16,17,False,False,Test | Entry | Name | Maturity | Yield | Unadjusted Yield | Index | Greenstem %
Prelim Trial summaries 2022.xlsx,2022,PNE22,44,16,False,False,Test | Entry | Name | Maturity | Yield | Index | Greenstem % | 100sdwt
Prelim Trial summaries 2022.xlsx,2022,PNM22,44,17,False,False,Test | Entry | Name | Maturity | Yield | Adjusted Yield | Index | Greenstem %
Prelim Trial summaries 2022.xlsx,2022,PNF22,44,16,False,False,Test | Entry | Name | Maturity | Yield | Index | Greenstem % | 100sdwt
Prelim Trial summaries 2022.xlsx,2022,PB22,44,17,False,False,Test | Entry | Name | Maturity | Yield | Adjusted Yield | Index | Greenstem %
Prelim Trial summaries 2022.xlsx,2022,PC22,44,17,False,False,Test | Entry | Name | Maturity | Yield | Unadjusted Yield | Index | Greenstem %
Prelim Trial summaries 2022.xlsx,2022,PK22,28,17,False,False,Test | Entry | Name | Maturity | Yield | Unadjusted yield | Index | Greenstem %
Prelim Trial summaries 2022.xlsx,2022,PMEO22,67,17,False,False,Test | Entry | Name | Maturity | Yield | Unadjusted Yield | Index | Greenstem %
Prelim Trial summaries 2022.xlsx,2022,PPEO22,27,17,False,False,Test | Entry | Name | Maturity | Yield | Unadjusted Yield | Index | Greenstem %
Prelim Trial summaries 2022.xlsx,2022,PSR22,16,17,False,False,Test | Entry | Name | Maturity | Yield | Unadjusted Yield | Index | Greenstem %
Private Yellow Otebo 2022 Summary.xlsx,2022,E1E2W2,22,12,False,False,entry | name | Maturity | Yield | Growth Habit | Grn Stem (%) | 100sdwt | Harvestability 
Private Yellow Otebo 2022 Summary.xlsx,2022,PrYOE1,22,15,False,False,entry | location | name | Maturity | Yield | Growth Habit | Grn Stem (%) | 100sdwt
Private Yellow Otebo 2022 Summary.xlsx,2022,PrYOE2,22,14,False,False,entry | location | name | Maturity | Yield | Yield (unadjusted) | Grn Stem (%) | 100sdwt
Private Yellow Otebo 2022 Summary.xlsx,2022,PrYOW1,22,16,False,False,entry | location | name | Maturity | Yield | Yield (unadjusted) | Growth Habit | Grn Stem (%)
Private Yellow Otebo 2022 Summary.xlsx,2022,PrYOW2,22,14,False,False,entry | location | name | Maturity | Yield | Growth Habit | 100sdwt | Harvestability 
Private Yellow Otebo 2022 Summary.xlsx,2022,greenstem,15,7,False,False,1 | 26.25 | 6.25 | 3.75 |  | 12.083333333333334 | 5
Advanced Elora and ST Summaries 2023.xlsx,2023,Jamie's  summary,183,25,False,False,ANE |  |  |  | Average of Elora and St.T data |  |  | 
Advanced Trial Summaries 2023.xlsx,2023,ANE,73,46,True,True,Location | Year | Test | Entry | Name | DAP | Yield (kg/ha@18%) | Index
Advanced Trial Summaries 2023.xlsx,2023,ANM,31,19,True,True,Location | Year | Test | Entry | Name | DAP | yield | index
Advanced Trial Summaries 2023.xlsx,2023,ANF,31,20,True,True,Location | Year | Test | Entry | Name | DAP | adjusted yield | yield
Advanced Trial Summaries 2023.xlsx,2023,AB,31,40,True,True,Location | Year | Test | Entry | Name | DAP | yield | index
Advanced Trial Summaries 2023.xlsx,2023,AC,26,21,True,True,Location | Year | Test | Entry | Name | Maturity | Yield | Index
Advanced Trial Summaries 2023.xlsx,2023,AK,17,20,True,True,Location | Year | Test | Entry | Name | Maturity | Yield | Index
Advanced Trial Summaries 2023.xlsx,2023,AP,18,17,False,False,Entry | Name | Maturity | Yield | Index | Plant type | Greenstem % | 100sdwt
Advanced Trial Summaries 2023.xlsx,2023,AMEO,16,17,False,False,year | expt | entry | name | Maturity | Yield | Index | Plant type
Advanced Trial Summaries 2023.xlsx,2023,AAzE,32,19,False,False,expt | entry | name | Maturity | Yield | Unadjusted | Index | Plant type
Advanced Trial Summaries 2023.xlsx,2023,AAzW,32,18,False,False,expt | year | entry | name | Maturity | Yield | Unadjusted | Index
Azuki colourimeter data summary 2023.xlsx,2023,AAzE,32,23,False,False,expt | entry | name | Maturity | Yield | Unadjusted | Index | Plant type
Azuki colourimeter data summary 2023.xlsx,2023,AAzW,32,22,False,False,expt | year | entry | name | Maturity | Yield | Unadjusted | Index
Azuki colourimeter data summary 2023.xlsx,2023,PAzE,63,25,False,False,expt | entry | name | Maturity | Yield | Unadjusted | Index | Plant height
PRSm23 Trial Summaries 2023.xlsx,2023,"PrSm23-E1,E2,W1",14,15,False,False,entry | name | Maturity | Yield | Index | Stand counts | Growth Habit | Harvestability 
PRSm23 Trial Summaries 2023.xlsx,2023,PrSm23E1,10,17,False,False,expt | year | entry | name | Maturity | Yield | Index | Stand counts
PRSm23 Trial Summaries 2023.xlsx,2023,PrSm23E2,10,17,False,False,expt | year | entry | name | Maturity | Yield | Index | Stand counts
PRSm23 Trial Summaries 2023.xlsx,2023,PrSm23W1,10,17,False,False,expt | year | entry | name | Maturity | Yield | Index | Stand counts
PRSm23 Trial Summaries 2023.xlsx,2023,PrSm23W2,10,15,False,False,expt | year | entry | name | Maturity | Yield | Stand counts | Harvestability 
PrYO23 Trial Summaries 2023.xlsx,2023,"PrYO23-E1, E2, W2",23,15,False,False,entry | name | Maturity | Yield | Index | Stand counts | Growth Habit | Harvestability 
PrYO23 Trial Summaries 2023.xlsx,2023,PrYO23E1,17,16,False,False,expt | year | entry | name | Maturity | Yield | Index | Stand counts
PrYO23 Trial Summaries 2023.xlsx,2023,PrYO23E2,17,17,False,False,expt | year | entry | name | Maturity | Yield | Index | Stand counts
PrYO23 Trial Summaries 2023.xlsx,2023,PrYO23W1,17,17,False,False,expt | year | entry | name | Maturity | Yield | Index | Harvestability 
PrYO23 Trial Summaries 2023.xlsx,2023,PrYO23W2,17,19,False,False,expt | year | entry | name | Maturity | Yield | Index | Stand counts
Prelim Trial Summaries 2023.xlsx,2023,PNE,47,19,False,True,Year | Test | Entry | Name | Maturity | yield | index | Plant type
Prelim Trial Summaries 2023.xlsx,2023,PNM,47,19,False,True,Year | Test | Entry | Name | Maturity | Yield | Index | Plant type
Prelim Trial Summaries 2023.xlsx,2023,PNF,47,19,False,True,Year | Test | Entry | Name | Maturity | Yield | Index | Plant type
Prelim Trial Summaries 2023.xlsx,2023,PB,47,20,False,True,Year | Test | Entry | Name | Maturity | adjusted yield | yield | index
Prelim Trial Summaries 2023.xlsx,2023,PC,27,18,False,True,Year | Test | Entry | Name | Maturity | yield | index | Plant type
Prelim Trial Summaries 2023.xlsx,2023,PCEO,29,18,False,True,Year | Test | Entry | Name | Maturity | Yield | index | Plant type
Prelim Trial Summaries 2023.xlsx,2023,PK,34,18,False,True,Year | Test | Entry | Name | Maturity | Yield | Index | Plant type
Prelim Trial Summaries 2023.xlsx,2023,PKEO,22,18,False,True,Year | Test | Entry | Name | Maturity | Yield | Index | Plant type
Prelim Trial Summaries 2023.xlsx,2023,PPEO,28,19,False,True,Year | Test | Entry | Name | Maturity | Yield | Index | Plant type
Prelim Trial Summaries 2023.xlsx,2023,PMEO,57,20,False,False,entry | expt | location | year | name | Maturity | adjusted yield | Yield
Prelim Trial Summaries 2023.xlsx,2023,PAzE,35,18,False,False,expt | entry | name | Maturity | Yield | Unadjusted | Index | Plant height
RPEW Trial Summaries 2023.xlsx,2023,RPNE,42,18,False,False,Registration and Perfomeance Navy Elora 2023 |  |  |  |  |  |  | 
RPEW Trial Summaries 2023.xlsx,2023,RPNW,42,17,False,False,Registration and Perfomeance Navy Woodstock 2023 |  |  |  |  |  |  | 
RPEW Trial Summaries 2023.xlsx,2023,RPKCE,35,18,False,False,Registration and Perfomeance Kidney and Cranberry Elora 2023 |  |  |  |  |  |  | 
RPEW Trial Summaries 2023.xlsx,2023,RPKCW,35,18,False,False,Registration and Perfomeance Kidney and Cranberry Woodstock 2023 |  |  |  |  |  |  | 
CBAT All Locn Summary 2016 Final new.xls,,ERROR,,,,,"openpyxl does not support the old .xls file format, please use xlrd to read this file, or convert it to the more recent .xlsx file format."
CBATsummary by Raja Khanal.xls,,ERROR,,,,,"openpyxl does not support the old .xls file format, please use xlrd to read this file, or convert it to the more recent .xlsx file format."
Preliminary Black E and St T 2016.xls,,ERROR,,,,,"openpyxl does not support the old .xls file format, please use xlrd to read this file, or convert it to the more recent .xlsx file format."
Preliminary Cran E and St T 2016.xls,,ERROR,,,,,"openpyxl does not support the old .xls file format, please use xlrd to read this file, or convert it to the more recent .xlsx file format."
Preliminary Cran Elora Only 2016.xls,,ERROR,,,,,"openpyxl does not support the old .xls file format, please use xlrd to read this file, or convert it to the more recent .xlsx file format."
Preliminary Kidney E and StT 2016.xls,,ERROR,,,,,"openpyxl does not support the old .xls file format, please use xlrd to read this file, or convert it to the more recent .xlsx file format."
Preliminary Kidney Elora Only 2016.xls,,ERROR,,,,,"openpyxl does not support the old .xls file format, please use xlrd to read this file, or convert it to the more recent .xlsx file format."
Preliminary Misc E and St T 2016.xls,,ERROR,,,,,"openpyxl does not support the old .xls file format, please use xlrd to read this file, or convert it to the more recent .xlsx file format."
Preliminary Misc Elora Only 2016.xls,,ERROR,,,,,"openpyxl does not support the old .xls file format, please use xlrd to read this file, or convert it to the more recent .xlsx file format."
Preliminary Navy Early 2016 E and StT.xls,,ERROR,,,,,"openpyxl does not support the old .xls file format, please use xlrd to read this file, or convert it to the more recent .xlsx file format."
Preliminary Navy Full E and StT 2016.xls,,ERROR,,,,,"openpyxl does not support the old .xls file format, please use xlrd to read this file, or convert it to the more recent .xlsx file format."
Preliminary Navy Mid E and StT 2016.xls,,ERROR,,,,,"openpyxl does not support the old .xls file format, please use xlrd to read this file, or convert it to the more recent .xlsx file format."
Raja Prelim Black 2016.xls,,ERROR,,,,,"openpyxl does not support the old .xls file format, please use xlrd to read this file, or convert it to the more recent .xlsx file format."
"CBAT ERS, StT, Morden and Leth Summary 2017 for ppt.xls",,ERROR,,,,,"openpyxl does not support the old .xls file format, please use xlrd to read this file, or convert it to the more recent .xlsx file format."
CDBN2017EloraUS.xls,,ERROR,,,,,"openpyxl does not support the old .xls file format, please use xlrd to read this file, or convert it to the more recent .xlsx file format."
NDPINTOSummary.xls,,ERROR,,,,,"openpyxl does not support the old .xls file format, please use xlrd to read this file, or convert it to the more recent .xlsx file format."
